COUPLE,valeurs
DFW-DTW,585
DTW-DFW,596
SEA-JFK,543
JFK-SEA,550
SJC-ORD,95
ORD-SJC,97
PHX-DFW,1079
STL-DFW,642
DFW-STL,637
LAX-DCA,262
ORD-TPA,722
MCO-ORD,1453
DEN-MIA,428
MIA-DEN,434
KOA-LAX,341
LAX-KOA,340
DFW-MIA,975
MIA-DFW,978
IAH-MIA,834
MIA-IAH,831
MIA-JFK,957
JFK-MIA,964
AUS-JFK,425
JFK-AUS,426
LAX-MIA,803
MIA-LAX,805
LAS-DFW,1034
DFW-LAS,1042
LAX-LAS,2690
LAS-LAX,2748
JFK-MCO,1399
MCO-JFK,1389
SLC-DFW,791
DFW-SLC,780
TUS-DFW,622
JFK-STT,159
STT-JFK,158
BOS-ORD,1326
ORD-BOS,1307
BOS-JFK,1238
JFK-BOS,1241
LAX-BOS,919
DFW-FLL,711
FLL-DFW,716
BOS-LAX,928
MCO-DFW,947
SFO-MIA,290
LAX-SFO,4123
SFO-LAX,4227
LAS-JFK,928
JFK-LAS,941
OGG-LAX,625
LAS-MIA,436
LAX-ORD,1992
TPA-MIA,513
DFW-JFK,126
SNA-DFW,706
LAS-ORD,1135
JFK-LAX,2938
LAX-JFK,2908
DFW-HNL,183
OKC-DFW,438
OGG-DFW,120
DFW-OGG,120
HNL-DFW,180
JFK-SFO,1950
SFO-JFK,1940
MIA-TUL,12
SEA-DFW,811
DFW-PHL,870
PHL-DFW,861
DFW-SNA,717
MIA-IAD,172
MIA-BOS,616
LAX-HNL,1258
LGA-MCO,1078
MCO-LGA,1071
SFO-DFW,1192
DFW-SFO,1197
ORD-SEA,857
SEA-ORD,852
SFO-ORD,1642
LAX-OGG,625
HNL-LAX,1255
LAX-MCO,694
MIA-SFO,296
ORD-RDU,393
RDU-DFW,443
DCA-DFW,860
DFW-DCA,839
DFW-MCO,943
MCO-LAX,692
LAX-AUS,665
AUS-LAX,667
DFW-SEA,814
DFW-EWR,501
DFW-IAD,294
DFW-RIC,170
RIC-DFW,171
ORD-JFK,308
JFK-ORD,312
DFW-PDX,419
MIA-SEA,91
LGA-DFW,1161
DFW-LGA,1157
ATL-MIA,1280
DFW-SJC,406
DFW-LAX,1726
DFW-BOS,659
LBB-DFW,170
CLT-MIA,779
MIA-CLT,763
DFW-ELP,332
ELP-DFW,334
DCA-ORD,1213
ORD-DCA,1198
ORD-MCO,1435
ORD-SAN,657
SAN-ORD,663
DEN-DFW,1609
ORD-SFO,1679
DFW-SAT,1145
MIA-MCI,65
DCA-LAX,269
MIA-STL,172
STL-MIA,171
BNA-DFW,651
DFW-BNA,634
MIA-TPA,510
DFW-PHX,1099
DFW-ONT,395
JAC-DFW,173
DFW-TUS,617
JFK-SAN,442
ORD-PDX,357
MIA-LGA,1560
SAN-JFK,436
DFW-ORD,1921
ORD-DFW,1875
ORD-LAS,1149
DFW-SMF,341
SMF-DFW,337
JFK-DCA,144
SJC-DFW,410
DCA-JFK,144
ORD-LAX,1923
MCO-MIA,854
MIA-MCO,871
ORD-SNA,448
SNA-ORD,444
DFW-OKC,440
MIA-PHX,183
EWR-DFW,428
IAD-DFW,298
LAX-LIH,360
LIH-LAX,360
SJU-MIA,637
ORD-LGA,2219
LGA-ORD,2270
ABQ-DFW,415
DFW-ORF,156
ORF-DFW,160
LAX-BNA,405
DFW-TUL,573
ORD-FLL,833
DTW-MIA,417
DFW-RSW,370
MIA-BWI,251
JAX-DFW,266
MSY-MIA,163
ATL-DFW,1663
ORD-MSP,1593
DFW-IAH,665
IAH-DFW,744
FLL-ORD,840
SAT-DFW,1146
ORD-STL,648
DFW-DEN,1548
MCI-DFW,588
DFW-GUC,102
DFW-IND,419
GUC-DFW,106
IND-DFW,425
MIA-EWR,810
PHX-MIA,181
MIA-STT,304
STT-MIA,306
RDU-MIA,267
MIA-RDU,266
DFW-MCI,580
SAN-DFW,855
DFW-ATL,1640
ORD-MIA,1083
MIA-ORD,1092
BOS-DFW,680
DCA-MIA,808
MIA-DCA,794
DFW-MSP,733
MIA-SJU,634
DFW-AUS,1126
DEN-ORD,1389
ORD-PSP,212
CLT-DFW,1037
JFK-CLT,675
DFW-RDU,423
MIA-MSY,167
PDX-ORD,356
AUS-DFW,1132
ORD-PHX,1360
PHX-STL,528
BWI-DFW,338
DFW-BWI,331
DFW-COS,214
MSP-ORD,1578
EWR-ORD,830
DFW-SAN,856
EWR-MIA,820
MSY-DFW,678
DFW-MKE,250
MKE-DFW,253
MIA-ATL,1271
LAX-DFW,1717
DFW-JAX,259
DFW-MSY,673
TUL-DFW,588
ORD-SJU,314
AUS-ORD,284
JFK-SJU,1177
SJU-JFK,1179
DFW-PIT,253
ORD-EWR,886
ONT-DFW,398
ORD-RSW,887
RSW-ORD,890
DFW-RNO,177
RNO-DFW,182
DSM-DFW,203
SAN-MIA,127
MIA-DTW,420
DFW-CLT,1021
ORD-MCI,300
BWI-MIA,257
MFE-DFW,242
PSP-ORD,220
DFW-MFE,246
DFW-PSP,257
PSP-DFW,264
OMA-DFW,239
EGE-DFW,217
DFW-PBI,211
PBI-DFW,209
DFW-EGE,210
PHX-LAS,1432
BOS-MIA,621
DFW-DAY,159
ORD-EGE,94
TPA-ORD,729
CLT-SJU,249
EWR-CLT,834
PHL-MIA,703
STL-LAX,385
LAX-STL,384
MIA-PHL,709
RSW-DFW,369
ORD-CLT,1015
SEA-MIA,94
DFW-ABQ,416
LGA-MIA,1560
IAD-MIA,178
JFK-DFW,128
TUS-ORD,256
AUS-MIA,72
DFW-LBB,169
ATL-LAX,1498
LAX-ATL,1506
DFW-SDF,74
SDF-DFW,78
PIT-DFW,261
RDU-ORD,405
DFW-TPA,619
STL-ORD,710
FAT-DFW,160
MSP-DFW,696
ORD-TUS,255
DAY-DFW,160
MIA-STX,162
STX-MIA,162
DFW-DSM,198
PHX-SAN,1290
SAN-PHX,1309
DFW-OMA,234
PHX-JFK,629
JFK-PHX,636
TUL-ORD,371
SJU-ORD,316
DFW-CLE,333
ORD-PHL,1036
PHL-ORD,1036
COS-DFW,213
TUL-MIA,13
TPA-DFW,617
ORD-AUS,328
MIA-BDL,89
DFW-FAT,152
CMH-DFW,342
MIA-LAS,441
PHL-RSW,408
RSW-PHL,395
PDX-DFW,416
PBI-PHL,424
PHL-PBI,439
ORD-TUL,372
DFW-CMH,329
MTJ-DFW,100
PHX-SEA,1483
STL-PHX,538
BNA-LAX,401
ORD-DEN,1381
PHX-ORD,1361
PHX-IAH,739
CLT-ORD,979
DFW-JAC,174
DFW-MTJ,93
DFW-HDN,107
HDN-DFW,106
SJU-DFW,186
DFW-SJU,186
RNO-ORD,75
LAX-EGE,86
ATL-ORD,1560
IAH-CLT,674
BDL-DFW,166
DFW-BDL,165
MCI-MIA,68
MSP-MIA,250
EGE-LAX,85
JAC-LAX,116
LAX-JAC,115
ORD-PBI,235
PBI-ORD,240
EGE-ORD,92
ONT-PHX,693
ORD-JAC,113
SLC-MIA,64
MIA-MSP,249
ORD-RNO,76
CLT-JFK,674
DFW-MEM,206
MEM-DFW,208
MIA-OKC,1
OKC-MIA,1
CLT-IAH,709
SLC-ORD,672
CLE-DFW,337
MCI-ORD,280
STT-CLT,110
MIA-SAN,127
MIA-SAT,75
ORD-DTW,796
IAH-PHX,750
PHX-ONT,699
DTW-ORD,795
EGE-MIA,117
MIA-EGE,114
ORD-ATL,1567
DFW-HOU,184
LAS-PHX,1439
HOU-DFW,184
CLT-AUS,244
PHX-OGG,152
OGG-PHX,153
IND-PHX,365
PHX-SFO,1232
SFO-PHL,447
PHX-PDX,709
BOI-PHX,266
PHX-DTW,674
PHL-PHX,641
DCA-PHX,257
MCI-PHX,564
PHX-SNA,1042
SJC-PHX,812
DTW-PHX,672
CLT-FLL,679
CLT-PHL,849
PHL-LAS,505
PHX-CLE,197
PHX-OMA,375
AUS-PHX,422
PHX-DEN,1981
DEN-CLT,612
SNA-PHX,1057
LAS-CLT,422
BOS-PHX,370
CMH-PHX,272
CLT-PHX,738
SLC-PHX,1363
MSP-PHX,1249
PHX-SMF,837
SEA-PHX,1475
CLT-DEN,621
FLL-CLT,666
MSY-CLT,410
ORF-CLT,262
BWI-PHX,401
PHX-BOI,265
PHX-SLC,1332
CLT-SLC,177
LAX-PHX,2017
SAN-PHL,206
IND-LAX,236
PHX-IND,366
CLT-SFO,426
DEN-PHL,568
SJU-CLT,249
TPA-CLT,743
CLT-SAN,172
PHX-MSP,1235
SFO-PHX,1212
OAK-PHX,649
RNO-PHX,422
SAN-CLT,175
FLL-PHL,821
PHL-FLL,819
PHX-PIT,255
PHL-SFO,440
PHX-LAX,2024
PHX-OAK,642
ATL-CLT,1568
MCO-PHX,388
PDX-PHX,704
PHX-DCA,260
SMF-PHX,821
TPA-PHX,248
MKE-PHX,407
PHX-BOS,371
PHX-CMH,276
SMF-CLT,27
PHX-FLL,254
PHX-BWI,401
DEN-PHX,1986
PHX-RNO,432
LAX-CMH,161
FLL-DCA,769
GEG-PHX,179
DCA-FLL,785
RSW-CLT,502
PHX-MKE,405
PHL-RDU,190
OMA-PHX,373
FLL-PHX,251
PHL-DEN,566
SEA-PHL,164
PHX-MCO,382
PHX-TPA,245
CLE-PHX,203
PHX-GEG,179
DSM-PHX,174
PHX-MCI,562
EWR-PHX,587
PHX-SJC,822
BOS-CLT,931
CLT-EWR,836
ATL-PHX,870
CLT-ATL,1577
LAS-PHL,496
MCO-CLT,765
CLT-SEA,166
PHX-ATL,874
CMH-LAX,160
HNL-PHX,279
PHX-CLT,742
SEA-CLT,165
PIT-PHX,259
CLT-LAS,418
CLT-BOS,929
IAD-LAX,849
LAX-PHL,480
PHX-ANC,127
DCA-LAS,89
KOA-PHX,102
SFO-CLT,424
PHX-KOA,98
LAX-CLT,512
PHX-EWR,589
BWI-CLT,786
BOS-PHL,1318
TPA-PHL,696
PHX-LIH,82
PHX-HNL,278
CLT-MCO,768
LGA-CLT,1013
LIH-PHX,87
DCA-CLT,698
PHL-LAX,480
CLT-BWI,779
CLT-LAX,523
TPA-DCA,681
CLT-MSP,516
MCO-PHL,1224
PHL-MCO,1237
LAX-PIT,59
PIT-LAX,59
PHL-SEA,169
CLT-MSY,423
PHL-SJU,307
SJU-PHL,306
CLT-STL,271
MEM-CLT,162
LAX-RDU,164
RDU-LAX,164
LAX-IND,239
AUS-CLT,240
PHX-AUS,417
PHL-SAN,205
ANC-PHX,127
PHX-DSM,168
IND-CLT,217
IAH-PHL,370
PHL-IAH,375
PIT-CLT,607
BUF-CLT,299
CLT-STT,108
RDU-CLT,623
CLT-BNA,366
BDL-CLT,429
CLT-BUF,299
RIC-CLT,369
CLT-DCA,686
MCI-CLT,307
STT-PHL,75
PHL-TPA,724
TPA-LAX,172
LAX-TPA,177
SYR-CLT,155
PHL-CLT,771
PHL-ATL,1601
CLT-CLE,237
STL-CLT,271
PHL-BOS,1324
CLT-SMF,27
PHL-SLC,175
SLC-PHL,167
PIT-PHL,215
CLE-CLT,239
CLT-BDL,432
PHL-PIT,204
ALB-CLT,241
PBI-CLT,485
PHX-PHL,639
MSY-PHL,28
PHL-MSY,29
PIT-DCA,2
DCA-PBI,278
PBI-DCA,273
DTW-CLT,858
LGA-PBI,888
MCO-DCA,1031
JAX-DCA,181
CLT-LGA,1007
MSP-CLT,525
RDU-PHL,187
CLT-PIT,608
CLT-JAX,536
JAX-PHL,78
DCA-TPA,686
CLT-ORF,256
CLT-MCI,314
JAX-CLT,534
DCA-PIT,1
CLT-MEM,162
JAC-ORD,117
BDL-MIA,90
CLT-DTW,866
LAX-IAD,852
BOS-DCA,1986
DCA-BOS,1967
LGA-DCA,1066
DCA-LGA,1070
DCA-MCO,1028
PHX-FAT,184
SLC-CLT,172
PVD-PHL,16
CLT-IND,146
PIT-LGA,16
PHL-DCA,35
FAT-PHX,179
DFW-ICT,195
ORD-SLC,670
MIA-SLC,63
JFK-EGE,89
EGE-JFK,86
PDX-CLT,65
CLT-PVD,311
CLT-RDU,609
CLT-ALB,235
CLT-SAT,142
PHL-PVD,14
PVD-CLT,304
CLT-SYR,148
BNA-CLT,370
CLT-ILM,121
ROC-CLT,162
CLT-RSW,500
MSP-PHL,403
PHL-MSP,401
CLT-RIC,360
CLT-TPA,742
SAT-CLT,140
PHL-JAX,81
CLT-PBI,485
PHL-IND,81
CLT-PWM,88
MIA-AUS,73
ATL-PHL,1588
CLT-ROC,163
MCI-DCA,199
DCA-IND,197
IND-DCA,210
ILM-CLT,126
BDL-PHL,1
PHL-LGA,253
ICT-DFW,201
PWM-CLT,88
PBI-LGA,882
CLT-CHS,141
GSO-CLT,63
CHS-CLT,147
RSW-DCA,159
CLT-PDX,68
DCA-RSW,158
BWI-PHL,2
DCA-PHL,30
CLT-STX,13
LGA-PHL,240
MSY-DCA,197
PHL-STT,76
BDL-DCA,174
DCA-BDL,174
LAS-DCA,89
MDT-CLT,90
PIT-BOS,286
BOS-PIT,283
DCA-MCI,199
SAT-PHX,245
CLT-MDT,86
PHL-DTW,523
PHL-BDL,1
DTW-PHL,527
CLT-GSO,62
BOS-LGA,1739
LGA-BOS,1739
DCA-MSY,191
STX-CLT,13
PHX-SAT,254
BHM-PHX,2
CLT-BHM,1
PHX-BHM,1
PDX-LIH,52
OGG-PDX,181
SMF-OGG,86
SEA-SMF,840
KOA-OAK,91
KOA-PDX,89
SAN-OGG,104
HNL-SJC,142
SEA-OGG,357
LIH-SEA,182
PDX-HNL,186
HNL-PDX,184
SJC-HNL,136
SEA-LIH,180
OGG-OAK,152
SEA-KOA,254
LIH-SJC,52
OAK-KOA,89
KOA-SEA,250
SEA-HNL,490
HNL-SEA,491
PDX-KOA,91
LIH-SAN,38
PDX-OGG,178
SJC-LIH,51
OGG-ANC,47
ANC-HNL,90
HNL-ANC,91
ANC-KOA,23
OGG-SEA,362
HNL-SAN,167
SAN-HNL,168
HNL-BLI,50
DCA-SEA,179
SEA-DCA,177
SEA-EWR,318
MCO-SEA,183
SEA-MCO,185
EWR-SEA,315
SEA-BOS,315
BOS-SEA,315
SEA-MSP,687
PDX-BOS,90
BOS-PDX,91
FLL-SEA,89
MSP-SEA,687
SEA-FLL,91
ADQ-ANC,102
ANC-BET,233
BET-ANC,235
ANC-ADQ,111
BRW-ANC,88
SCC-BRW,172
ANC-SCC,176
ANC-BRW,49
SCC-ANC,47
BRW-SCC,50
FAI-ANC,170
BRW-FAI,88
JNU-KTN,89
KTN-SEA,263
JNU-YAK,89
YAK-CDV,88
CDV-ANC,88
SEA-JNU,241
ANC-JNU,326
JNU-SIT,173
SIT-KTN,86
PSG-WRG,89
JNU-PSG,87
WRG-KTN,87
KTN-WRG,87
PSG-JNU,90
SEA-KTN,267
WRG-PSG,86
JNU-ANC,247
JNU-SEA,320
ANC-CDV,84
CDV-YAK,79
YAK-JNU,88
SIT-JNU,169
KTN-SIT,88
KTN-JNU,87
SEA-ANC,1357
ANC-SEA,1282
SEA-FAI,322
ANC-PDX,190
FAI-SEA,321
PDX-ANC,186
ANC-ORD,51
ORD-ANC,53
ANC-LAX,91
ANC-OME,102
OME-ANC,158
OTZ-OME,73
ANC-OTZ,162
OTZ-ANC,100
ANC-FAI,86
LAX-ANC,90
SEA-SJC,840
SJC-SEA,841
SEA-SNA,814
SNA-SEA,816
SEA-SFO,1637
SFO-SEA,1665
SAN-SEA,785
SEA-SAN,781
SAN-PDX,433
SFO-PDX,1076
PDX-SFO,1074
PDX-SAN,436
PSP-SFO,699
SFO-PSP,696
SEA-OAK,770
OAK-SEA,770
SMF-SEA,831
PDX-SJC,637
SJC-PDX,640
SLC-SEA,999
SEA-PDX,462
SEA-LAX,2061
SEA-LAS,1288
PDX-SEA,452
LAX-SEA,2054
PDX-LAX,980
SEA-BLI,91
ONT-SEA,173
PSP-SEA,426
PDX-PSP,104
BUR-SEA,256
SEA-BUR,254
SEA-ONT,171
SEA-PSP,434
PSP-PDX,111
PDX-SNA,401
LAX-PDX,993
BLI-SEA,90
SNA-PDX,398
LAS-SEA,1291
PDX-LAS,707
LAS-PDX,711
BLI-LAS,90
TUS-SEA,182
SEA-TUS,176
LAS-BLI,89
SAT-SEA,86
SEA-DEN,1286
DEN-SEA,1281
SEA-AUS,186
AUS-SEA,184
SEA-GEG,871
GEG-SEA,884
SEA-SAT,89
SEA-SLC,992
PDX-SLC,670
SLC-PDX,690
SAN-SLC,592
SLC-SAN,588
LAX-SLC,1213
SLC-LAX,1232
SEA-IAD,272
IAD-SEA,270
SEA-IAH,542
SEA-BNA,88
BNA-SEA,88
BWI-LAX,341
LAX-BWI,344
SLC-SFO,781
SFO-SLC,857
ATL-SEA,659
SEA-ATL,659
SEA-STL,90
STL-SEA,92
SEA-MCI,100
RDU-SEA,90
SEA-RDU,87
IAH-SEA,538
SEA-CHS,52
CHS-SEA,49
MCI-SEA,100
SAN-MCO,153
MCO-SAN,155
PDX-DCA,90
SEA-BWI,176
BWI-SEA,179
BOS-SAN,247
SEA-TPA,87
DCA-PDX,91
ABQ-SEA,90
TPA-SEA,90
MSY-SEA,96
SEA-MSY,98
SEA-DTW,433
DTW-SEA,440
SEA-ABQ,90
SAN-BOS,244
OGG-SMF,88
SJC-OGG,161
OGG-SAN,103
OGG-BLI,49
OAK-OGG,150
OGG-SJC,159
ANC-OGG,49
HNL-OAK,128
SAN-KOA,38
OME-OTZ,12
LIH-PDX,52
BLI-OGG,51
OAK-HNL,128
SJC-KOA,39
KOA-SJC,38
SAN-LIH,39
LIH-OAK,39
OAK-LIH,38
KOA-SAN,37
BLI-HNL,50
KOA-ANC,25
LAS-ANC,38
ADK-ANC,24
ANC-ADK,25
ANC-LAS,38
SWF-MCO,91
LGB-OAK,247
BOS-MCO,899
MCO-BOS,885
JFK-PBI,689
PBI-JFK,673
IAD-BOS,355
BOS-IAD,355
FLL-BDL,278
SJU-BOS,377
BOS-RSW,742
RSW-BOS,740
BOS-FLL,669
FLL-BOS,664
BOS-SJC,9
SJC-BOS,9
PVD-MCO,550
MCO-PVD,547
JFK-JAX,232
JAX-JFK,229
JFK-ROC,277
BOS-DEN,584
DEN-BOS,577
FLL-EWR,1054
FLL-AUS,276
AUS-FLL,269
LGB-JFK,146
BOS-BUF,226
JFK-TPA,735
EWR-MCO,1301
SLC-LGB,563
LGB-SLC,557
BDL-TPA,276
SFO-BOS,1010
SWF-FLL,92
FLL-SWF,85
EWR-PBI,930
PBI-EWR,919
TPA-HPN,87
SJU-TPA,240
EWR-TPA,550
TPA-EWR,544
JFK-MSY,421
MSY-JFK,420
FLL-SFO,423
SFO-FLL,423
JFK-HOU,90
HOU-JFK,89
FLL-BWI,1285
JFK-FLL,1320
EWR-FLL,1064
LGB-SEA,177
BWI-BOS,998
BOS-SFO,1002
CLE-BOS,370
BOS-CLE,374
TPA-SJU,244
SYR-MCO,90
MCO-SYR,89
CLE-FLL,254
FLL-CLE,252
MCO-PSE,99
PSE-MCO,100
JFK-SJC,67
SJC-JFK,64
FLL-LGA,1403
BOS-TPA,364
BWI-FLL,1321
LAX-FLL,495
FLL-LAX,493
DCA-JAX,178
BOS-PBI,593
PBI-BOS,593
MCO-BQN,118
BQN-MCO,122
MCO-SJU,799
SJU-MCO,818
SFO-LGB,252
LGB-SFO,263
BOS-SRQ,89
JFK-PSE,86
PSE-JFK,86
BOS-LAS,261
LAS-BOS,256
LAS-SFO,2113
MCO-SLC,337
SLC-MCO,332
BOS-STT,104
STT-SJU,222
HPN-FLL,180
FLL-HPN,177
BUF-BOS,230
BOS-BWI,1010
BQN-JFK,128
JFK-BQN,130
JFK-SAV,192
SAV-JFK,192
DCA-CHS,164
CHS-DCA,159
MCO-SWF,89
FLL-SJU,709
SJU-FLL,713
BDL-FLL,281
BOS-SJU,330
LAS-LGB,243
LGB-LAS,246
JFK-RDU,275
RDU-JFK,273
SFO-LAS,2096
TPA-BOS,348
BDL-RSW,180
RSW-BDL,175
MCO-EWR,1292
JFK-RSW,412
HOU-BOS,248
SRQ-BOS,89
LGA-FLL,1419
RDU-BOS,375
HPN-MCO,267
FLL-JFK,1302
SEA-LGB,175
JFK-LGB,146
JAX-FLL,255
FLL-JAX,263
TPA-JFK,717
BOS-HOU,260
SJU-STT,168
AUS-BOS,177
BOS-AUS,175
BOS-RIC,515
BOS-RDU,384
BOS-JAX,172
TPA-LGA,473
PDX-LGB,172
RDU-FLL,178
FLL-RDU,173
FLL-CHS,87
CHS-FLL,85
BOS-DTW,865
BDL-PBI,113
PBI-BDL,109
RIC-FLL,89
FLL-RIC,88
PBI-HPN,352
RIC-MCO,180
MCO-RIC,178
RIC-BOS,519
FLL-PVD,272
PVD-FLL,272
JFK-PDX,180
PDX-JFK,179
IAD-JFK,250
JAX-BOS,172
BWI-MCO,1000
MCO-BWI,992
HPN-RSW,87
RSW-HPN,87
JFK-CHS,342
CHS-JFK,340
EWR-SJU,421
SJU-EWR,426
MCO-HPN,266
JFK-IAD,250
DTW-BOS,868
DCA-SJU,91
SJU-DCA,88
ROC-JFK,284
LGB-AUS,97
AUS-LGB,100
BDL-MCO,476
HPN-TPA,90
HPN-PBI,349
EWR-RSW,429
RSW-EWR,428
SYR-JFK,260
LGB-PDX,174
TPA-BDL,274
MCO-BUF,484
DTW-FLL,783
FLL-DTW,777
RSW-JFK,402
BTV-JFK,298
JFK-BTV,299
LGA-RSW,266
RSW-LGA,267
BOS-CHS,89
CHS-BOS,90
LGA-TPA,476
JFK-SYR,252
ORH-MCO,86
MCO-ORH,89
BUF-JFK,550
JFK-BUF,537
PIT-FLL,210
FLL-PIT,208
ORH-FLL,89
FLL-ORH,86
BDL-SJU,144
SJU-BDL,143
AUS-MCO,264
MCO-AUS,267
BUF-FLL,281
FLL-BUF,283
EWR-BOS,907
BOS-EWR,920
PWM-JFK,248
FLL-LAS,266
LAS-FLL,264
BOS-SAV,90
SAV-BOS,89
JFK-ABQ,62
ABQ-JFK,62
JFK-SLC,517
SLC-JFK,509
RNO-JFK,73
JFK-RNO,71
BUF-MCO,488
ALB-FLL,188
FLL-ALB,184
JFK-DEN,261
DEN-JFK,266
JFK-PWM,239
ALB-MCO,350
MCO-ALB,346
MCO-BDL,467
OAK-LGB,241
JFK-SMF,68
SMF-JFK,68
JFK-SRQ,93
SRQ-JFK,88
JFK-OAK,59
OAK-JFK,62
SMF-LGB,163
LGB-SMF,167
SJU-STX,85
STX-SJU,88
BUR-JFK,86
JFK-BUR,89
MSY-BOS,90
BOS-MSY,90
LGB-BOS,59
BOS-LGB,61
LGA-SRQ,142
SRQ-LGA,140
JFK-DAB,82
DAB-JFK,82
OAK-LAS,839
STT-BOS,59
SAT-MIA,73
SYR-FLL,76
FLL-SYR,77
JFK-PSP,68
PSP-JFK,67
SWF-BOS,1
SWF-PBI,1
SWF-RSW,1
MSP-SNA,240
MSY-LAX,505
BOS-ATL,1235
GEG-MSP,166
ATL-LGA,1830
CVG-MCO,282
MCO-CVG,279
ATL-MSY,1378
ELP-ATL,180
MSP-ABQ,6
MSP-BOS,472
BOS-MSP,473
LAX-MSP,806
BIS-MSP,344
IAH-SLC,612
ATL-CMH,886
DTW-BWI,617
DCA-SLC,174
DTW-SAN,153
ATL-ORF,649
ORF-ATL,656
HNL-ATL,90
ATL-HNL,90
AVL-ATL,514
PBI-ATL,1118
LGA-ATL,1859
MSY-ATL,1351
ATL-IAH,1046
SFO-DTW,249
DTW-SLC,387
MSP-TUS,71
TUS-MSP,71
MSP-FAR,425
MSP-MSN,297
ATL-RSW,1093
DCA-ATL,1642
STT-ATL,197
ATL-BWI,1446
ATL-AUS,736
LAS-CVG,157
LGA-DEN,841
ATL-GRR,335
GRR-ATL,331
MSP-ATL,1174
RSW-MSP,442
MCI-MSP,486
FNT-ATL,241
MYR-ATL,272
ATL-MCO,2138
MCO-ATL,2166
ATL-DTW,1326
ATL-BOS,1230
BHM-ATL,800
ATL-ALB,245
SJU-ATL,369
ATL-PBI,1130
OMA-ATL,391
DTW-IND,305
DEN-LGA,839
MCI-ATL,902
MSP-DTW,653
JAN-ATL,554
ATL-TPA,1900
TPA-ATL,1915
BIL-MSP,139
SAN-MSP,265
ATL-EVV,245
JAX-MSP,4
FAR-MSP,418
MSP-BOI,123
ATL-JFK,532
RSW-ATL,1094
RSW-DTW,766
MSP-RSW,444
MKE-ATL,821
SJC-MSP,77
ATL-BDL,535
ATL-AVP,78
MCO-MSP,562
BDL-ATL,545
ATL-BNA,840
BNA-ATL,855
DTW-PDX,21
PDX-DTW,20
ATL-JAX,1260
ATL-PIT,804
MSP-PDX,321
SLC-MSP,461
MSP-BIL,139
ATL-RDU,1283
RDU-ATL,1275
PNS-ATL,580
SLC-OAK,517
OAK-SLC,495
LAS-DTW,770
ATL-DAB,381
DAB-ATL,377
ATL-AGS,575
AGS-ATL,577
GSP-ATL,634
LEX-ATL,605
ATL-OMA,393
ATL-LAS,1134
DTW-MSP,650
SFO-ATL,666
SMF-SLC,399
LAS-ATL,1112
MSP-BWI,220
ATL-DAL,798
DAL-ATL,783
DCA-MSP,421
MSP-MCO,559
SLC-SNA,424
SNA-SLC,418
SLC-MCI,164
ATL-MSP,1156
ATL-MCI,884
DTW-EWR,475
ATL-TRI,459
ATL-STL,903
STL-ATL,905
ATW-ATL,90
PDX-MSP,321
MSP-LGA,569
ATL-MDW,1145
AUS-ATL,725
ATL-PVD,248
PVD-ATL,243
SFO-MSP,572
MSP-DEN,1332
SNA-ATL,246
MSP-MCI,485
COS-ATL,75
ABQ-MSP,6
ATL-COS,75
LGA-MSP,566
ROC-ATL,254
ATL-SAT,744
SAT-ATL,732
ATL-DCA,1642
LAS-SLC,909
ATL-EWR,1307
EWR-ATL,1321
DTW-GRR,331
ATL-SNA,249
ATL-PDX,247
ATL-CVG,571
MSP-LAX,808
ATL-GPT,326
GPT-ATL,333
ATL-PHF,248
HNL-MSP,77
SLC-SMF,409
ATL-MEM,791
MEM-ATL,783
ATL-SLC,651
ATL-SDF,685
SDF-ATL,689
SLC-CVG,131
TPA-DTW,756
ATL-MLB,358
MLB-ATL,346
HNL-JFK,94
BZN-ATL,32
ATL-BZN,31
JFK-MSP,155
IAH-ATL,991
MSP-JFK,155
ATL-ABQ,157
FLL-ATL,1956
LGA-DTW,866
DEN-MSP,1346
MSP-TPA,415
TPA-MSP,425
MSP-EWR,107
MSP-SAN,267
ATL-SMF,130
SMF-ATL,128
ATL-SFO,673
ATL-DEN,1329
ATL-SAN,502
SAN-ATL,494
GSO-ATL,634
ATL-EGE,87
EGE-ATL,80
MSP-SJC,76
DTW-ATL,1331
BOS-SLC,139
ALB-ATL,250
PIT-ATL,802
ATL-ELP,184
JAX-ATL,1270
SRQ-ATL,508
ATL-HOU,896
HOU-ATL,889
ATL-SAV,824
CVG-ATL,574
SLC-ATL,653
ATL-FLL,1967
ATL-CHA,733
DTW-BDL,317
MSP-BZN,135
ABQ-SLC,249
MSP-OMA,420
ATL-PWM,85
ATL-BUF,389
CAK-ATL,498
SLC-DCA,168
SLC-MSO,257
ATL-BHM,784
DTW-MSY,251
DTW-DCA,490
ATL-RIC,958
RIC-ATL,949
ATL-CHO,243
CHO-ATL,242
MCO-DTW,896
ATL-DAY,330
ATL-LEX,609
CMH-ATL,903
MSN-DTW,338
ATL-EYW,517
EYW-ATL,520
ATL-ICT,251
ICT-ATL,251
CVG-LAX,119
ATL-MDT,242
ATL-MKE,812
IND-DTW,276
IAD-ATL,659
ATL-OKC,567
OKC-ATL,552
TRI-ATL,463
LFT-ATL,273
ATL-ECP,442
ROA-ATL,390
ECP-ATL,435
SAV-ATL,840
DTW-JFK,91
ATL-VPS,519
VPS-ATL,523
ATL-CLE,678
XNA-ATL,413
PDX-ATL,245
MSP-IND,215
BWI-ATL,1467
BWI-SLC,242
ATL-GSP,623
ATL-ATW,90
LGA-BUF,146
ATL-CHS,801
MSP-STL,566
STL-MSP,558
MSN-MSP,284
MSP-PIT,104
PIT-MSP,106
LAX-MSY,499
CHS-ATL,796
SLC-GEG,308
EVV-ATL,246
ATL-LFT,279
MSP-ALB,3
DTW-SFO,245
ATL-MTJ,29
MTJ-ATL,28
EWR-DTW,451
ATL-SGF,311
SLC-AUS,152
ATL-CAK,492
DTW-LGA,871
MSP-SFO,573
OMA-MSP,414
AVP-ATL,80
JFK-ATL,535
MSP-MSY,131
SNA-MSP,236
MSP-SLC,459
MCI-DTW,369
LAS-MSP,679
ATL-IAD,657
ATL-SJU,367
LAX-DTW,532
ATL-IND,919
SJU-DTW,18
JFK-HNL,95
JFK-JAC,8
DTW-SJU,17
ATL-SYR,249
SYR-ATL,251
MCI-SLC,160
ATL-STT,191
GRR-MSP,346
MSP-ANC,93
ANC-MSP,92
EWR-MSP,106
MSP-GRR,344
STX-ATL,25
ATL-STX,23
SLC-DTW,393
OMA-DTW,194
SJU-MSP,32
MDW-ATL,1152
DEN-ATL,1352
MSP-SJU,33
DTW-LAX,535
LAX-CVG,118
SAN-DTW,153
MSP-LAS,683
MSP-RNO,2
RNO-MSP,2
SLC-STL,165
DTW-TPA,760
MSP-GEG,166
CVG-RSW,179
RSW-CVG,180
IND-ATL,933
HSV-ATL,625
AUS-SLC,154
MSP-DCA,416
MSY-LGA,166
CVG-SLC,129
MSP-FSD,369
DTW-RSW,771
MSP-JAX,4
GEG-SLC,315
BUF-ATL,393
SMF-MSP,78
DAY-ATL,331
SAT-SLC,122
ATL-FAY,409
SLC-EWR,84
EWR-SLC,85
SLC-BWI,240
ROC-MSP,17
ATL-GSO,631
BZN-MSP,137
BZN-SLC,259
DTW-RDU,203
ILM-ATL,387
DTW-LAS,767
ATL-PNS,570
ATL-TUS,155
TUS-ATL,152
SLC-BZN,251
ATL-SRQ,516
MSP-SMF,78
BNA-DTW,519
MSP-MKE,590
MKE-MSP,591
MSP-BDL,109
SLC-ONT,245
DEN-SLC,1764
RDU-LGA,106
FLL-CVG,76
BWI-MSP,225
ATL-ILM,383
ATL-LIT,481
RDU-DTW,259
CVG-LAS,160
ATL-ROA,379
BOI-MSP,122
LAX-MEM,56
SLC-JAC,253
JAC-SLC,251
SLC-BOI,479
BOI-SLC,480
ATL-JAC,48
JAC-ATL,47
CVG-FLL,79
ATL-ROC,251
DEN-DTW,695
DTW-BUF,186
SLC-MSY,91
DTW-MSN,316
ATL-MHT,89
SLC-ABQ,249
DTW-MCO,906
MSY-MSP,129
BWI-DTW,613
BDL-DTW,316
FAY-ATL,415
MSY-DTW,254
ABQ-ATL,156
BDL-MSP,113
PWM-ATL,83
SLC-LAS,922
CLE-ATL,681
ALB-MSP,3
MSP-FLL,316
FLL-MSP,312
LIT-ATL,501
IND-MCO,436
MCO-IND,444
CVG-TPA,78
DTW-DEN,693
ATL-JAN,555
HNL-SLC,91
DTW-PBI,89
PBI-DTW,91
DTW-MKE,430
MKE-DTW,431
DTW-BNA,523
SLC-BIL,250
ATL-TUL,387
SLC-DEN,1869
BUF-LGA,144
MSP-HNL,79
ATL-MYR,271
ATL-HSV,618
ATL-TYS,451
ATL-SJC,82
SJC-ATL,81
TYS-ATL,462
SLC-IAH,595
DCA-DTW,482
ATL-FNT,244
TLH-ATL,488
SLC-HNL,90
MSP-JAC,18
JAC-MSP,18
MSO-SLC,256
SFO-HNL,594
HNL-SFO,593
MSP-MSO,88
ONT-SLC,242
SLC-SAT,127
MSO-MSP,91
CHA-ATL,747
DEN-CID,209
PBI-DEN,88
TTN-RDU,3
RDU-TTN,3
TTN-ORD,4
ORD-TTN,4
TTN-MCO,181
MCO-TTN,171
MSY-DEN,414
TTN-ATL,4
PBI-TTN,78
TTN-PBI,87
IAH-DEN,1212
SFO-IAH,785
IAH-SFO,795
LAS-IAH,824
IAH-LAS,820
DEN-BIS,244
BIS-DEN,240
LAS-DEN,1668
DEN-MSO,128
MSO-DEN,129
MCO-LAS,357
DEN-MSY,415
ATL-TTN,4
MKE-DEN,538
LAS-MKE,345
TPA-DEN,562
DEN-PBI,87
DEN-LAS,1667
LAS-MCO,353
TTN-DTW,4
DTW-TTN,4
TTN-RSW,86
RSW-TTN,81
CLT-TTN,4
TTN-CLT,4
LAX-DEN,1425
SFO-DEN,1441
DEN-SFO,1463
RSW-DEN,184
DEN-DCA,356
DCA-DEN,358
DEN-RSW,186
DEN-PDX,822
PDX-DEN,818
DEN-SNA,879
SNA-DEN,869
STL-TPA,287
TPA-STL,289
DEN-BNA,509
BNA-DEN,501
DEN-LAX,1518
LAS-CLE,360
CLE-LAS,354
IND-DEN,482
DEN-IND,375
DEN-MEM,223
MEM-DEN,235
MCO-CLE,359
CLE-MCO,363
IAH-MCO,832
MCO-IAH,839
MCO-DEN,882
DEN-MCO,889
RSW-MKE,286
MKE-RSW,284
STL-LAS,361
RSW-STL,275
STL-MCO,465
DEN-IAH,1276
DEN-AUS,674
AUS-DEN,654
DEN-MKE,549
CVG-DEN,243
MKE-LAS,346
DEN-TPA,573
LAS-STL,363
AUS-LAS,342
MCO-IAD,423
STL-DEN,533
DEN-BZN,283
BZN-DEN,282
MCO-STL,462
DEN-SAN,1074
SAN-DEN,1157
DFW-CVG,31
CVG-DFW,68
STL-RSW,272
RDU-DEN,297
MCI-DEN,634
DEN-MCI,636
DEN-CLE,316
CLE-DEN,277
DEN-STL,558
LAS-AUS,340
IAD-MCO,428
CLE-TPA,179
TPA-CLE,177
DEN-CVG,243
DEN-GSO,3
GSO-DEN,3
DEN-MSN,180
MSN-DEN,187
TTN-UST,3
UST-TTN,3
RSW-CLE,257
CLE-RSW,256
DEN-OMA,515
OMA-DEN,539
DEN-DSM,286
DSM-DEN,329
TTN-FLL,83
FLL-TTN,81
MCI-MCO,290
MCO-MCI,292
MCO-MKE,444
IND-RSW,366
RSW-IND,362
MKE-MCO,460
DEN-RDU,295
LAS-HNL,217
HNL-LAS,219
SMF-HNL,88
HNL-SMF,89
SFO-OGG,515
OGG-SFO,522
SLC-SJC,400
ATL-AVL,494
MOB-ATL,543
PHF-ATL,251
ATL-CAE,659
CAE-ATL,658
MEM-MSP,101
SAN-LAX,566
LAX-SMF,1051
SMF-LAX,1095
MSP-PSP,89
PSP-MSP,88
LAX-SAN,564
ATL-CRW,388
FSD-MSP,362
LGA-MKE,310
DTW-ATW,143
LAX-SJC,1178
SAT-JFK,85
ORF-DTW,119
TUL-ATL,385
MDT-ATL,251
SJC-SLC,401
ATW-DTW,148
SLC-RNO,242
RNO-SLC,248
DTW-PVD,104
BUF-DTW,185
ATL-HDN,81
HDN-ATL,80
LIH-HNL,1437
ITO-OGG,156
HNL-OGG,1958
HNL-LIH,1447
OGG-HNL,2033
KOA-HNL,1359
HNL-KOA,1410
ITO-HNL,1106
HNL-ITO,1100
OGG-ITO,156
KOA-OGG,238
OGG-KOA,170
OGG-LIH,316
LIH-OGG,330
MYR-FLL,85
IAH-BWI,231
BWI-IAH,232
ORD-BWI,346
BWI-ORD,344
LAS-MCI,433
DTW-MCI,370
MCI-LAS,434
FLL-MYR,82
MYR-BOS,87
MCO-ACY,176
TPA-LBE,51
LBE-TPA,52
RSW-LBE,38
LBE-RSW,38
LAX-CLE,201
CLE-LAX,202
LGA-MYR,176
IND-MSP,204
IAH-DTW,481
PVD-DTW,104
ATL-DSM,241
DSM-ATL,240
ABE-ATL,213
BMI-ATL,218
LGA-CVG,86
ATL-ABE,210
ATL-XNA,410
ATL-BMI,218
ATL-MSN,250
MSN-ATL,250
DTW-STL,370
STL-DTW,358
DTW-OMA,187
GRR-DTW,329
DTW-PIT,174
JFK-PHL,4
SJC-LAX,1196
MSP-CMH,143
CMH-MSP,156
RIC-JFK,1
JFK-DTW,90
CRW-ATL,398
BOS-CVG,77
CVG-BOS,78
LAX-IAH,1035
IAH-LAX,1058
FLL-ACY,263
ACY-FLL,262
LAS-SAN,1029
TPA-FLL,550
HNL-PPG,26
PPG-HNL,27
BOS-MYR,88
FLL-BQN,58
BQN-FLL,61
ACY-MYR,85
OAK-DFW,89
FLL-IAG,90
ACY-PBI,90
PBI-ACY,86
ACY-MCO,177
IAH-TPA,485
TPA-IAH,492
ACY-TPA,90
TPA-ACY,89
MYR-ACY,85
FLL-DEN,485
SAN-LAS,1023
FLL-MSY,259
MSY-IAH,757
MCO-FLL,174
FLL-MCO,172
IAH-MSY,711
MSY-FLL,250
BWI-LAS,450
LAS-BWI,453
ORD-IAH,1081
MYR-LGA,178
FLL-TPA,543
FLL-IAH,515
IAH-SAN,505
LAX-MCI,347
IAG-FLL,88
IAH-FLL,503
SAN-IAH,424
DFW-JLN,170
DFW-CAE,252
DFW-SHV,582
CAE-DFW,252
GPT-DFW,176
HSV-DFW,77
ACT-DFW,415
DFW-GPT,171
DFW-TYR,230
MLU-DFW,243
DFW-MLU,241
GRK-DFW,325
DFW-TYS,412
DFW-GRK,325
SHV-DFW,581
FSM-DFW,205
DFW-MAF,88
MAF-DFW,86
VPS-DFW,340
DFW-BTR,510
SAF-DFW,220
JLN-DFW,175
DFW-LAW,253
ORD-TYS,360
DFW-SPI,153
TYS-ORD,371
DFW-ACT,407
LRD-DFW,246
DFW-BRO,255
BRO-DFW,255
DFW-AEX,86
TYR-DFW,236
CHA-DFW,163
DFW-VPS,328
CLE-ORD,667
IAH-LCH,224
ROC-ORD,258
MCI-IAH,209
ORD-CID,321
LGA-CLE,577
ABQ-IAH,216
GRK-IAH,157
HPN-ORD,221
OAK-LAX,1264
LAX-OAK,1244
MCI-LAX,346
ORD-MSY,317
DFW-OAK,86
RSW-ACY,170
DTW-IAH,493
ACY-RSW,173
FLL-RSW,1
DEN-FLL,484
MSY-ORD,315
ORD-MKE,1268
ICT-ORD,484
ORD-ICT,488
GJT-PHX,259
PHX-TUS,273
TUS-PHX,271
PHX-YUM,485
YUM-PHX,500
OMA-SLC,119
SLC-OMA,117
DLH-MSP,310
MSP-DLH,311
MSP-XNA,141
ATL-FWA,333
GRB-MSP,218
MSP-GRB,210
DSM-DTW,22
DTW-DSM,22
AUS-MSP,13
MSP-BIS,341
ATL-SBN,332
DTW-SBN,341
MSP-CID,156
LAN-MSP,156
MSP-LAN,157
LAS-OAK,858
FLL-LBE,89
LBE-FLL,89
PHX-SBA,175
SBA-PHX,162
PHX-DRO,228
SLC-RAP,96
ASE-ATL,86
ATL-ASE,86
MSP-MOT,283
DTW-GSP,172
GSP-DTW,176
DTW-CVG,71
ORD-COS,237
SAT-IAH,449
HDN-DEN,69
XNA-DEN,117
BNA-IAH,310
BNA-ORD,339
DEN-ASE,741
SMF-DEN,630
BOI-IAH,90
CMH-IAH,198
GRR-ORD,245
SFO-EUG,498
SJC-DEN,520
DEN-MMH,6
FAR-DEN,313
ASE-LAX,300
COS-DEN,556
DEN-OKC,525
DRO-DEN,141
MTJ-SFO,24
SAT-LAX,335
ASE-SFO,160
SFO-BOI,351
DEN-GUC,7
LIT-DEN,165
LAX-SAT,342
TUS-SFO,262
IAH-SHV,263
ORD-IND,318
MKE-ORD,1283
IDA-SLC,347
MSP-LNK,230
SLC-MFR,173
RAP-SLC,88
DTW-IAD,224
SLC-TUS,177
DLH-ORD,270
ORD-FWA,252
ORD-SPI,261
LBE-MCO,86
OAK-ORD,87
MCO-LBE,85
FCA-SLC,247
LNK-MSP,223
IAH-ASE,229
LAX-ASE,303
AMA-DEN,57
AUS-IAH,498
BFL-DEN,159
DEN-COS,569
DEN-GJT,158
IAH-MCI,208
DEN-HDN,69
IAH-BHM,391
IAH-CLE,362
CMH-DEN,146
IAH-CVG,212
MSP-IAH,408
DEN-BOI,505
LAX-BOI,100
SBA-DEN,174
JAC-SFO,90
DEN-GTF,134
DEN-ICT,213
IAH-AUS,440
ORD-SYR,223
DEN-SHV,10
PSP-DEN,332
SFO-BUR,696
SFO-SMX,173
BHM-IAH,395
DEN-RAP,134
MLI-DEN,3
DAY-DTW,119
DAY-MSP,128
CVG-MSP,207
MSP-CVG,214
MSP-SAT,5
MLI-MSP,57
MSP-MLI,56
CVG-MCI,80
LSE-MSP,192
MSP-DAY,125
MSP-LSE,193
DTW-MDW,719
MDW-DTW,724
DTW-MLI,80
DTW-LAN,255
LAN-DTW,256
SBN-DTW,340
PSC-SLC,246
SLC-PSC,242
JAC-SEA,15
SEA-JAC,15
SLC-FCA,248
MOT-MSP,285
FLG-PHX,454
PHX-FLG,446
IAH-ORD,1093
FLL-STT,89
ORD-OAK,88
STT-FLL,88
MSY-LAS,263
BOI-SAN,86
BNA-CVG,116
CVG-ORD,478
ISN-MSP,179
GFK-MSP,355
GTF-MSP,81
DTW-FWA,267
FWA-DTW,276
PHX-PSP,463
PSP-PHX,458
SLC-HLN,212
CMH-DTW,82
DTW-CMH,86
XNA-SFO,85
ICT-DEN,203
SFO-SAN,1797
SHV-DEN,6
SFO-ACV,329
IAH-OMA,282
ORD-MEM,182
IAH-LIT,346
ASE-IAH,227
SFO-ASE,157
DEN-PSP,341
DEN-FAR,317
FSD-ORD,309
DRO-PHX,227
LAX-TUS,650
TUS-LAX,666
MRY-PHX,103
BMI-MSP,4
MSP-BMI,4
DTW-MBS,183
MBS-DTW,181
RAP-MSP,312
OKC-SLC,119
SLC-OKC,118
SLC-BNA,90
TUS-DEN,504
ORD-CVG,441
FCA-ORD,12
PIT-IAH,140
BOI-SFO,349
DEN-FSD,248
RAP-DEN,134
SAT-SFO,93
BUR-DEN,288
ICT-MSP,166
MSP-ICT,161
ATL-PIA,244
MSP-RST,181
PIA-ATL,243
BNA-SLC,91
SUN-SLC,202
TWF-SLC,277
FWA-ATL,323
MSP-BNA,255
BOI-SEA,546
SEA-BOI,518
BNA-MSP,236
ORD-GSP,173
ORD-PVD,164
ABQ-ORD,10
ORD-BOI,125
SGF-ORD,231
CPR-DEN,120
MKE-IAH,216
FCA-DEN,151
BIL-DEN,339
BTR-IAH,509
FLL-PBG,87
PBG-FLL,89
LAS-MSY,260
DEN-LBB,167
ORD-CHO,208
BFL-PHX,266
PHX-BFL,270
PSC-MSP,83
MSP-PIA,70
SLC-SUN,202
STL-SLC,168
IAD-DTW,222
SBN-ATL,338
SLC-IDA,340
LAX-OKC,75
CRP-IAH,387
OKC-IAH,325
DEN-BFL,162
IAH-SAT,480
BFL-SFO,152
SFO-MRY,170
PHX-GJT,261
SAN-FAT,169
PDX-BOI,114
SAN-BOI,88
SEA-PSC,256
SAT-MSP,7
FAT-SLC,236
SLC-FAT,244
DTW-LEX,176
LEX-DTW,175
CID-MSP,152
MSP-SDF,3
SDF-MSP,3
SBA-LAX,336
DTW-DAY,128
MSP-MBS,29
MSP-GFK,362
MSP-TUL,81
PIA-MSP,69
BDL-ORD,221
DEN-AMA,55
DEN-DRO,139
GUC-DEN,7
LIT-IAH,354
RDU-IAH,57
BOI-DEN,507
IND-ORD,309
ORD-ATW,317
DEN-ABQ,394
IAH-MKE,210
ORD-CLE,631
TUS-IAH,227
XNA-IAH,206
STL-SFO,251
SFO-STL,251
DSM-ORD,340
IAH-LFT,380
SAT-ORD,186
DEN-DAY,110
DEN-MLI,5
SFO-SBA,511
IAH-CRP,383
LFT-IAH,393
IAH-VPS,168
ORD-PIT,245
DEN-PSC,171
GJT-DEN,163
ORD-GUC,15
LBB-DEN,165
CID-ORD,260
MTJ-PHX,36
PHX-MTJ,35
PHX-SBP,115
SBP-PHX,111
PHX-MRY,101
MSP-ATW,219
MSP-ISN,177
SLC-PSP,227
DTW-AUS,22
SBP-SFO,264
SFO-SMF,434
RKS-DEN,158
CMX-ORD,178
DEN-SGU,140
MMH-SFO,80
ABQ-DEN,404
IAH-IND,158
MRY-SFO,170
OKC-DEN,509
TUL-IAH,464
LAX-CID,1
MTJ-DEN,146
PSC-DEN,171
ORD-LIT,143
ELP-IAH,285
SLC-TWF,240
PLN-DTW,151
DTW-PLN,157
GJT-SLC,188
SLC-GJT,178
EKO-SLC,149
SLC-EKO,147
SLC-BUR,229
ATL-MLU,299
MLU-ATL,298
FSD-DEN,251
SFO-JAC,90
CHS-ORD,237
BOI-ORD,124
DEN-SBA,164
GSP-ORD,189
DEN-SGF,136
DEN-CPR,119
FAR-ORD,246
DEN-MTJ,146
DEN-SJC,522
PSC-SEA,254
SFO-SAT,97
SFO-XNA,85
SNA-SFO,1066
AVL-ORD,118
GCC-DEN,164
GRR-DEN,160
LAX-MTJ,26
DEN-SAT,344
BHM-ORD,228
DEN-IDA,228
DEN-TUL,449
SLC-EUG,170
MEM-IAH,273
CID-DEN,266
DEN-SMF,629
SBA-SFO,510
CVG-IAH,190
ORD-FCA,12
IDA-DEN,232
CVG-DTW,85
GSO-DTW,85
BZN-SEA,23
SEA-BZN,23
DTW-SDF,34
SUN-SFO,80
TWF-SFO,15
SDF-ORD,166
MEM-ORD,198
ORD-ASE,395
JAC-DEN,249
DEN-ISN,252
IAH-CHS,120
ORD-BNA,325
DEN-XNA,93
ORD-BUF,200
PSP-IAH,183
MKE-SEA,165
SEA-OKC,89
OKC-SEA,86
SEA-FAT,192
DEN-LAR,145
DEN-LNK,211
SAT-DEN,342
IAH-DSM,146
ORD-DSM,387
ORD-TVC,204
BUR-SFO,711
ORD-OKC,151
LNK-DEN,212
SFO-AUS,507
ORD-GRR,269
CMH-ORD,310
SFO-MTJ,25
CHO-ORD,209
AZO-MSP,143
MSP-HLN,66
ATW-MSP,221
DEN-SDF,91
ONT-DEN,291
SGF-DEN,131
ORD-DAY,304
ABQ-PHX,497
PHX-ABQ,484
SEA-MKE,168
AUS-PDX,87
PDX-AUS,88
SEA-SBA,85
PDX-FAT,88
FAT-PDX,86
BUR-PDX,251
SEA-HDN,45
HDN-SEA,48
PDX-BUR,261
MSP-FWA,79
DAY-ORD,323
ELP-DEN,136
IAH-RDU,55
DEN-ONT,292
XNA-ORD,192
IAH-BTR,512
RNO-SFO,346
DSM-MSP,95
MSP-DSM,98
MFR-SLC,166
BIL-SLC,256
MDW-MSP,734
MSP-MDW,739
BUR-SLC,218
AUS-DTW,22
SLC-DSM,70
ORD-PIA,316
ASE-DEN,744
ORD-OMA,243
DEN-BIL,342
IAH-MEM,293
SLC-GTF,200
PSP-SLC,219
DEN-FCA,152
DEN-JAC,245
SFO-MFR,338
MSN-SLC,61
SLC-MSN,62
MLI-DTW,78
AZO-DTW,219
DTW-AZO,217
SMX-SFO,173
DEN-LIT,172
TUL-DEN,452
ORD-FSD,309
ORD-MSN,486
IAH-ABQ,217
CID-DTW,139
DTW-CID,137
BZN-SFO,46
SYR-ORD,216
MFR-SFO,342
SFO-MCI,117
SFO-MMH,81
BHM-DEN,89
EUG-SFO,500
SFO-OKC,87
DTW-TVC,157
SEA-BIL,80
MMH-DEN,7
DEN-RDM,97
SDF-DTW,35
BIL-SEA,87
IAH-MSP,377
TUL-MSP,79
MKE-CVG,72
MSP-RAP,306
RST-MSP,182
GRB-ATL,116
MSP-AUS,13
MSP-GTF,78
OKC-SFO,89
ORD-SDF,113
ATW-ORD,320
GEG-DEN,334
BZN-LAX,51
OMA-IAH,264
ONT-PDX,187
BOI-PDX,116
PDX-TUS,88
TUS-PDX,89
SEA-OMA,86
OMA-SEA,89
PDX-SBA,85
FAT-SAN,167
SBA-SEA,89
PDX-STL,89
FAT-SEA,199
SBA-PDX,85
SEA-COS,86
STL-PDX,87
COS-SEA,90
MSP-SBN,109
CVG-MKE,70
ATL-GRB,115
MSP-AZO,140
MSP-PSC,85
COS-SLC,163
SLC-COS,161
GEG-LAX,88
TUS-SLC,176
CAK-DTW,79
TVC-DTW,161
GTF-SLC,204
PDX-ONT,191
GRB-DTW,159
MSP-CLE,178
XNA-MSP,141
MCI-CVG,79
ASE-MSP,20
MSP-ASE,21
MSP-OKC,105
OKC-MSP,107
DTW-GRB,168
LAX-GEG,89
DSM-SLC,72
LAX-MRY,253
SPI-ORD,257
SFO-ONT,683
DEN-MAF,249
SGU-DEN,140
SBN-ORD,330
AUS-SFO,509
DEN-TUS,500
STL-IAH,114
MFR-DEN,138
LAX-FAT,182
ICT-IAH,226
CLE-DTW,245
HLN-SLC,215
SLC-RDM,169
XNA-CVG,62
ORD-ROC,223
BTV-ORD,188
EWR-BDL,67
IAH-ICT,199
EWR-SDF,145
GSP-EWR,189
IAH-STL,142
MSN-ORD,487
CMH-EWR,191
EWR-BTV,313
JAX-IAH,116
EWR-BUF,255
MAF-IAH,300
SDF-IAH,49
GRB-ORD,334
ORD-BDL,217
LAN-ORD,232
BUF-ORD,183
PIA-ORD,314
BRO-IAH,293
IAH-CLL,144
DCA-EWR,482
STL-EWR,469
IAH-TUS,233
GSO-ORD,151
IAH-ELP,284
MOB-IAH,373
ORD-CAE,148
IAH-JAN,418
SBN-MSP,115
MSO-SEA,90
CVG-BNA,103
FWA-MSP,78
SEA-MSO,87
CVG-XNA,62
DTW-CAK,80
DTW-GSO,81
RDM-SLC,166
FNT-MSP,93
MSP-FNT,92
SLC-TUL,79
TUL-SLC,82
EUG-SLC,171
DTW-SAT,16
HLN-MSP,68
MBS-MSP,27
IAH-RSW,183
ASE-ORD,389
ACV-SFO,322
ORD-ALB,246
DEN-GRR,153
SHV-IAH,275
FAT-LAX,103
ORD-FAR,248
SFO-FAT,176
LAX-PSP,89
SAN-MSN,1
IAH-COS,210
DEN-EUG,170
ORD-SGF,230
ISN-DEN,253
TVC-ORD,202
ORF-ORD,248
IAH-OKC,300
OKC-LAX,77
EAU-ORD,170
MKE-CMX,1
ORD-CMX,178
SFO-PSC,121
SFO-RDM,251
ORD-DLH,263
FWA-ORD,262
SMF-SFO,444
ONT-SFO,682
LAX-SBA,336
MSP-RDU,98
RDU-MSP,102
IAH-BOI,89
GSP-IAH,75
LAX-HDN,79
IAH-PSP,185
ORD-SAT,112
LAX-BZN,49
IAH-TUL,453
IAH-GSP,86
ORD-LNK,221
DEN-COD,5
ORD-EAU,166
DEN-JMS,140
DVL-DEN,65
JMS-DVL,136
MRY-LAX,252
MKG-ORD,171
SBP-LAX,349
ORD-AVL,116
ORD-PAH,172
SFO-SBP,256
MAF-DEN,249
MOT-DEN,177
IAH-CMH,187
SFO-RNO,344
SAN-SFO,1800
JAX-ORD,107
MTJ-LAX,25
DEN-ELP,139
SFO-BFL,150
COS-IAH,207
BZN-IAH,12
SFO-BZN,45
DEN-MOT,176
MBS-ORD,250
RDM-SFO,238
ORD-MKG,169
SFO-TUS,261
ORD-LEX,241
LAX-COS,152
EUG-DEN,170
CAK-ORD,292
ORD-ABQ,10
IAH-PIT,85
IND-IAH,158
IAH-BZN,11
OKC-ORD,139
FAT-DEN,253
RSW-IAH,187
ORD-SBN,328
IAH-JAX,122
IAH-RNO,3
RNO-IAH,3
IAH-ORF,86
DVL-JMS,73
JMS-DEN,76
LAX-SBP,352
HYS-DEN,148
PAH-ORD,166
DEN-GCC,162
DEN-HLN,86
HDN-LAX,77
SFO-SNA,1050
BOI-LAX,102
RNO-LAX,284
PIT-ORD,192
DEN-MFR,138
DEN-FAT,255
DEN-BUR,297
PVD-ORD,160
IAH-SAV,91
IAH-BRO,304
DEN-CMH,163
MFE-IAH,278
DEN-SUN,49
ABQ-SFO,86
RIC-ORD,281
ORD-XNA,223
SFO-HDN,12
GUC-ORD,14
RDM-DEN,100
COS-ORD,244
ALB-ORD,245
HDN-SFO,12
ORD-CMH,317
VPS-IAH,172
SDF-DEN,87
FAT-SFO,258
CLE-IAH,358
LNK-ORD,226
GTF-DEN,131
ORD-CAK,288
IAH-BNA,298
IAH-MFE,279
HLN-DEN,89
PSP-LAX,92
MCI-SFO,119
BOI-SUN,1
SFO-SUN,79
SFO-ABQ,89
COD-DEN,5
LAX-RNO,277
DEN-GEG,332
ABR-MSP,181
MSP-ABR,178
ITH-DTW,200
APN-DTW,128
DTW-APN,125
ESC-DTW,152
BJI-MSP,174
ORD-CHS,237
OMA-ORD,229
ABQ-LAX,257
LAX-ABQ,244
ORD-GRB,333
COS-LAX,156
SUN-DEN,49
TWF-DEN,11
CPR-SLC,189
DTW-ITH,200
SLC-CPR,190
DTW-MQT,161
MQT-DTW,156
GCC-SLC,83
SLC-GCC,88
SGU-SLC,332
LEX-ORD,245
DEN-BHM,89
CIU-DTW,149
DTW-CIU,149
BGM-DTW,236
DTW-BGM,238
RHI-MSP,175
MSP-RHI,176
RHI-IMT,75
LWS-SLC,162
SLC-LWS,164
IMT-MSP,87
MSP-IMT,86
BRD-MSP,148
INL-MSP,64
MSP-INL,66
PIH-SLC,179
SLC-PIH,182
SNA-IAH,380
HNL-EWR,89
EWR-HNL,88
EWR-SFO,1228
IAD-HNL,28
GUM-HNL,86
HNL-GUM,88
HDN-IAH,100
IAD-IAH,252
HNL-ORD,91
ORD-HNL,90
ORD-IAD,307
IAD-SAN,245
SFO-EWR,1222
SFO-MCO,211
EWR-LAS,438
SFO-MSY,88
HNL-IAH,89
IAH-HNL,89
BWI-DEN,493
EWR-LAX,1150
EWR-DEN,765
DEN-RNO,278
SFO-IAD,777
PHX-IAD,90
SFO-IND,85
IAH-IAD,333
SLC-SGU,332
HIB-MSP,151
MSP-HIB,152
DTW-ESC,150
HIB-INL,89
INL-HIB,89
IMT-RHI,74
IAD-TPA,249
IAD-DEN,821
SJU-IAD,64
LAS-IAD,208
PIT-DEN,247
DEN-IAD,787
IAD-SFO,865
TPA-IAD,252
DEN-BWI,492
MCO-SFO,211
BOS-IAH,389
EWR-IAH,815
MTJ-EWR,19
LAX-EWR,1124
IAH-LGA,584
EWR-BQN,89
LAS-EWR,431
EWR-IAD,95
SFO-DCA,178
EWR-SNA,154
ANC-DEN,91
DEN-EWR,732
EWR-PDX,90
SFO-LIH,101
EWR-RDU,203
SJU-IAH,195
IAH-SMF,162
IAH-EWR,817
DEN-ANC,94
IAH-SNA,393
CLE-EWR,403
SAN-EWR,249
LIH-SFO,104
BQN-EWR,89
RNO-DEN,284
LGA-IAH,579
EWR-SAN,251
SMF-IAH,156
PDX-IAH,215
KOA-SFO,178
IAD-SJU,64
IAH-SJU,194
IAH-DCA,250
EWR-CLE,394
OGG-DEN,73
STT-EWR,104
EWR-STT,103
IAH-BOS,384
SFO-RDU,89
CLE-SFO,93
EWR-AUS,264
MSY-EWR,159
SRQ-ORD,131
SNA-EWR,167
DCA-SFO,178
IAD-ORD,296
SFO-CLE,94
SFO-KOA,179
DEN-OGG,75
IAH-PDX,210
EGE-EWR,86
ORD-SRQ,129
EGE-IAH,85
EWR-EGE,89
BZN-ORD,59
IAD-LAS,209
IAD-PHX,90
DCA-IAH,255
IAH-SJC,77
SJC-IAH,75
IAH-EGE,84
MSY-SFO,91
HNL-IAD,30
ORD-OGG,16
HDN-IAD,21
BZN-EWR,21
MSP-BJI,174
MSP-BRD,152
BTM-SLC,156
SLC-BTM,164
CDC-SLC,147
SLC-CDC,147
COD-SLC,116
SLC-COD,112
IAD-MSY,114
IND-SFO,85
ORD-SMF,94
SAN-IAD,251
ORD-BTV,123
MTJ-LGA,13
ORD-ORF,230
AUS-EWR,262
IAH-HDN,102
ORD-BZN,61
CLE-SJU,19
EWR-BZN,21
EWR-HDN,20
LAX-ITO,56
RDU-SFO,87
HDN-EWR,20
RDU-EWR,202
EWR-JAC,55
DEN-LIH,16
MSY-IAD,84
STT-IAD,52
IAD-STT,50
ORD-STT,21
JAC-EWR,57
STT-ORD,21
LIH-DEN,16
ITO-LAX,54
KOA-DEN,37
DEN-KOA,37
EWR-MSY,169
IAD-HDN,21
JAC-IAH,22
DEN-HNL,91
PDX-EWR,89
PSC-SFO,124
DEN-RKS,158
ORD-MBS,239
OTH-SFO,49
DEN-HYS,151
RDD-SFO,175
SFO-RDD,173
SFO-OTH,50
HNL-DEN,90
EWR-MTJ,20
IAD-EWR,98
SMF-ORD,93
DEN-PIT,248
IAH-JAC,22
OGG-ORD,16
SJU-CLE,19
LGA-MTJ,13
DCA-BTR,1
BUF-EWR,275
BTR-DCA,1
DTW-PIA,52
PIA-DTW,52
IAH-XNA,202
EUG-TUS,1
PHX-EUG,1
EUG-LAX,2
LAX-EUG,2
LWS-LAX,2
SEA-LWS,1
SGU-PHX,1
EWR-SAT,29
EWR-SRQ,59
SRQ-EWR,60
PIT-SFO,28
IAD-SAT,3
BWI-SFO,54
AUS-IAD,8
SFO-BWI,53
EWR-DSM,29
PDX-IAD,34
IAD-PDX,33
IAD-SMF,4
IAH-GUC,11
ORD-RIC,337
MTJ-IAH,81
IAD-AUS,8
PBI-IAH,68
GUC-IAH,11
DEN-BDL,92
IAD-RDU,67
SFO-PIT,28
ANC-SFO,5
SAT-EWR,5
IAD-JAC,8
IAH-MTJ,82
SFO-ANC,4
RDU-IAD,65
JAC-IAD,8
IAH-PBI,67
BDL-DEN,91
SMF-IAD,4
EWR-MCI,18
DEN-EGE,45
EGE-DEN,46
ORD-MTJ,16
DAL-LGA,634
SFO-DAL,322
DAL-SFO,328
DCA-DAL,587
LGA-DAL,647
LAS-DAL,584
DAL-LAS,576
DAL-LAX,646
LAX-DAL,642
DAL-DCA,565
DTW-ROC,59
CMH-LGA,107
LGA-CMH,110
TPA-CVG,72
ATL-TLH,487
LGA-MSY,169
SRQ-DTW,54
SLC-BOS,139
SGF-ATL,318
DTW-SRQ,54
LGA-IND,181
PIT-DTW,166
MSY-SLC,85
CVG-SEA,3
JAC-JFK,8
CVG-SFO,47
SFO-CVG,46
MHT-ATL,88
SEA-CVG,3
MEM-LAX,57
IND-BOS,158
LGA-RDU,100
BOS-IND,158
SJC-LAS,722
LAS-SJC,740
ATL-MOB,539
DTW-MEM,85
GRR-LGA,45
BNA-LGA,300
CLE-LGA,580
CVG-LGA,86
MEM-DTW,85
CHS-LGA,96
LGA-BNA,303
LGA-CHS,94
IND-LGA,181
LGA-PWM,25
RDU-MCO,415
MCO-RDU,412
MKE-LGA,301
ATL-SHV,490
SHV-ATL,497
GNV-ATL,539
ATL-GNV,554
MSP-MEM,97
ATL-FSD,78
LGA-GRR,44
FSD-ATL,77
PWM-LGA,26
JFK-SAT,85
LGA-MCI,202
PHL-JFK,3
DTW-ORF,122
SAT-DTW,14
JFK-RIC,1
DFW-MEI,147
MEI-PIB,138
PIB-DFW,63
BTR-DFW,509
DFW-FSM,206
DFW-CHA,164
BPT-DFW,201
DFW-BPT,203
LAW-DFW,253
DFW-LFT,89
DFW-SAF,211
LFT-DFW,88
DFW-LRD,250
TYS-DFW,421
AEX-DFW,89
JAN-DFW,164
DFW-JAN,168
SPI-DFW,148
DFW-TXK,225
TXK-DFW,232
MEI-DFW,89
PIB-MEI,82
DFW-ROW,12
ROW-DFW,12
DFW-PNS,74
PNS-DFW,75
DFW-PIA,7
PIA-DFW,8
DFW-HSV,75
TLH-DFW,177
DFW-TLH,173
TYR-IAH,142
GPT-IAH,239
IAH-TYR,139
BTV-EWR,253
EWR-JAX,308
EWR-ORF,333
AZO-ORD,241
EWR-PIT,136
MLI-ORD,140
SAV-ORD,133
HSV-ORD,5
ERI-ORD,162
EWR-SAV,145
MKE-EWR,230
EWR-PWM,303
PWM-ORD,96
JAX-EWR,311
GRR-EWR,150
ROA-ORD,120
EWR-BNA,535
ORD-SAV,124
IAH-PNS,356
IAH-MAF,308
IAH-GRK,156
ALB-EWR,56
CLL-IAH,145
LRD-IAH,221
ORD-ROA,119
ORD-CWA,143
EWR-DCA,470
HOB-IAH,141
EWR-MEM,219
CAK-TYS,1
EWR-GSP,193
LCH-IAH,225
ORD-HPN,223
AEX-IAH,205
OMA-EWR,136
EWR-STL,448
EWR-ALB,54
PNS-IAH,352
AMA-IAH,231
EWR-OMA,129
ROC-EWR,180
SBN-IAH,1
IAH-MOB,372
CHS-EWR,260
IND-EWR,215
ORD-AZO,237
EWR-CAK,173
CAK-EWR,169
DAY-EWR,108
EWR-RIC,229
TYS-IAH,217
EWR-PVD,213
IAH-CAE,73
ORD-LAN,238
EWR-AVP,67
IAH-AMA,229
ORD-ERI,158
CVG-CMH,1
EWR-CMH,171
GRR-IAH,87
IAH-ECP,174
DSM-IAH,151
SDF-EWR,148
IAH-MLU,147
EWR-GSO,242
IAH-LRD,223
SAT-LRD,1
EWR-SYR,208
IAH-HSV,211
CVG-EWR,344
EWR-IND,304
FNT-ORD,183
EWR-CVG,384
DSM-EWR,28
ORF-EWR,325
ORD-MDT,81
PNS-ORD,40
BWI-EWR,57
DCA-CLE,357
LBB-IAH,236
IAH-HRL,233
SAV-EWR,146
EWR-CHS,255
JAN-IAH,416
IAH-GPT,233
PIT-EWR,152
AVP-EWR,70
GSO-EWR,238
EWR-ROC,214
MDT-ORD,83
OKC-EWR,2
EWR-GRR,136
IAH-LBB,239
ORD-CRW,93
HRL-IAH,222
ORD-MLI,141
EWR-TYS,77
HSV-IAH,225
IAH-TYS,215
IAH-AEX,211
ORD-BHM,238
ECP-IAH,168
MHT-EWR,121
SYR-EWR,212
CAE-ORD,159
MLU-IAH,149
EWR-SBN,84
PVD-EWR,221
ORF-IAH,86
SCE-ORD,167
JAN-ORD,81
RIC-EWR,263
BNA-EWR,534
EWR-BWI,59
BDL-EWR,63
IAH-RIC,88
IAH-PIA,83
RIC-IAH,109
LIT-ORD,153
SBN-EWR,83
IAH-HOB,137
GJT-IAH,21
IAH-LEX,78
LEX-IAH,82
CAE-IAH,61
ORD-GSO,151
STL-CLE,128
EWR-MSN,83
PWM-EWR,275
CLE-DCA,361
IAH-SDF,93
ORD-MHT,108
ORD-FNT,184
MSN-EWR,82
ORD-ELM,134
CLE-STL,127
PIA-IAH,84
EWR-MHT,98
EVV-ORD,246
MKE-CLE,133
EWR-MKE,237
EWR-AVL,1
MEM-EWR,226
TYS-EWR,78
IAH-GRR,79
AVL-EWR,1
EWR-DAY,106
ORD-PNS,38
CLE-MKE,136
EWR-OKC,2
ORD-SCE,171
ORD-JAX,102
IAH-CRW,74
XNA-EWR,1
CWA-ORD,148
SAV-IAH,92
MCI-EWR,33
CHS-IAH,115
MHT-ORD,81
EWR-XNA,1
ORD-PWM,67
ABE-DTW,136
ATL-FAR,3
DTW-ABE,136
ORD-EVV,243
IAH-GJT,20
MCI-LGA,198
HPN-ATL,451
MLI-ATL,200
ATL-BTR,644
ATL-BTV,52
BTR-ATL,642
ATL-OAJ,267
OAJ-ATL,275
ELM-DTW,393
GSO-LGA,61
ATL-VLD,238
VLD-ATL,247
LGA-GSO,61
ATL-MGM,540
MGM-ATL,549
BHM-LGA,137
DTW-ALB,95
STL-LGA,291
AVP-DTW,153
DTW-AVP,147
DTW-CLE,258
DTW-RIC,185
ATL-HPN,447
ALB-DTW,99
GRK-ATL,139
CHS-DTW,109
BGR-LGA,3
EVV-DTW,155
MSP-RIC,80
SAV-LGA,114
ATL-GRK,139
RST-ATL,85
LGA-RIC,330
DTW-MDT,65
DTW-OKC,78
LGA-CHO,65
DTW-MHT,56
ELM-ATL,3
LNK-ATL,81
ATL-GTR,246
GTR-ATL,244
CID-ATL,160
RIC-LGA,342
RIC-MSP,81
ATL-MLI,200
DTW-ELM,392
CAE-LGA,119
CSG-ATL,278
OKC-DTW,78
ATL-FSM,166
FSM-ATL,166
LGA-STL,290
MHT-DTW,57
ATL-CID,160
CLE-MSP,180
DTW-SYR,41
LGA-CAE,122
BDL-CLE,54
DTW-CHA,127
ATL-BQK,238
BQK-ATL,246
BTV-ATL,51
DTW-PWM,92
PWM-DTW,92
RIC-DTW,183
ATL-DHN,324
DHN-ATL,327
MSN-LGA,9
DTW-EVV,154
SYR-LGA,100
ATL-CSG,279
ROC-DTW,61
SDF-LGA,56
LGA-SAV,117
EWN-ATL,164
CHA-DTW,125
LGA-BHM,141
IND-RDU,68
SYR-DTW,44
MDT-DTW,66
HSV-DTW,1
LIT-DTW,58
TUL-DTW,75
LGA-SDF,55
BTV-LGA,31
BTV-DTW,46
DTW-BTV,47
LGA-BTV,31
DTW-LIT,61
CMH-MCO,356
MCO-CMH,352
CHO-LGA,65
LEX-LGA,49
BMI-DTW,29
DTW-BMI,29
LGA-ROC,52
DTW-CHS,109
AEX-ATL,313
ATL-AEX,313
BGR-DTW,4
FAR-ATL,3
ATL-LNK,86
ABY-ATL,232
LGA-PIT,11
ATL-ELM,4
LGA-LEX,48
MSP-IAD,68
ROC-LGA,50
ATL-RST,85
SCE-ATL,3
IAD-MSP,70
LGA-BGR,2
OMA-LGA,73
ATL-ABY,237
CLE-RDU,73
RDU-CLE,73
LGA-MSN,8
MSP-ROC,15
LGA-OMA,72
CLE-BDL,53
LGA-MEM,2
DTW-TUL,76
LGA-SYR,101
ATL-EWN,161
MOB-ORD,76
ORD-MOB,79
DTW-BGR,3
ATL-SCE,3
ISN-IAH,53
CRW-ORD,91
AVP-ORD,85
ORD-HSV,9
CRW-IAH,77
ELM-ORD,135
ABE-ORD,142
ORD-JAN,79
ORD-AVP,81
ORD-ABE,148
IAH-ISN,53
DEN-TYS,1
TYS-DEN,1
ABQ-BWI,91
ABQ-DAL,406
ABQ-HOU,235
ABQ-LAS,326
ABQ-MCI,73
ABQ-MDW,165
ABQ-OAK,158
ABQ-PDX,5
ABQ-SAN,153
ALB-BWI,363
ALB-LAS,88
ALB-MDW,177
ALB-TPA,121
AMA-DAL,321
AMA-LAS,86
ATL-OAK,88
AUS-BNA,161
AUS-BWI,160
AUS-DAL,759
AUS-DCA,86
AUS-ELP,185
AUS-HOU,393
AUS-HRL,86
AUS-LBB,77
AUS-MDW,186
AUS-MSY,90
AUS-OAK,81
AUS-SAN,162
AUS-SJC,148
AUS-SNA,86
AUS-STL,85
AUS-TPA,85
BDL-BWI,523
BDL-LAS,26
BDL-MDW,170
BHM-BWI,80
BHM-DAL,159
BHM-HOU,149
BHM-LAS,90
BHM-MCO,173
BHM-MDW,156
BHM-TPA,158
BNA-AUS,162
BNA-BOS,174
BNA-BWI,459
BNA-CHS,88
BNA-CLE,162
BNA-CMH,160
BNA-DAL,247
BNA-DCA,237
BNA-ECP,164
BNA-FLL,215
BNA-HOU,316
BNA-JAX,196
BNA-LAS,210
BNA-MCI,233
BNA-MCO,352
MTJ-ORD,15
BUR-LAS,736
BUR-OAK,887
BUR-PHX,481
BUR-SJC,527
BUR-SMF,541
BWI-ABQ,91
BWI-ALB,350
BWI-AUS,155
BWI-BDL,521
BWI-BHM,80
BWI-BNA,465
BWI-BUF,399
BWI-CHS,235
BWI-CLE,278
BWI-CMH,271
BWI-DAL,331
BWI-DAY,176
BWI-FNT,160
BWI-GRR,164
BWI-GSP,148
BWI-HOU,253
BWI-IND,201
BWI-ISP,354
BWI-JAX,267
BWI-LIT,5
BWI-MCI,167
BWI-MDW,487
BWI-MEM,90
BWI-MHT,425
BWI-MKE,175
BWI-MSY,212
BWI-OAK,89
BWI-OKC,83
BWI-ORF,319
BWI-PBI,321
BWI-PIT,233
BWI-PVD,513
BWI-PWM,208
BWI-RDU,441
BWI-ROC,245
BWI-RSW,463
BWI-SAN,197
BWI-SAT,168
BWI-SDF,230
BWI-SJU,186
BWI-STL,269
BWI-TPA,572
CAK-LAS,88
CAK-MCO,169
CAK-RSW,100
CAK-TPA,89
CHS-BNA,87
CHS-BWI,232
CHS-DAL,86
CHS-HOU,27
CHS-MDW,108
CLE-BNA,155
CLE-BWI,274
CLE-MDW,401
CLT-DAL,89
CLT-HOU,87
CLT-MDW,164
CMH-BNA,155
CMH-BOS,138
CMH-BWI,278
CMH-DAL,89
CMH-DCA,155
CMH-FLL,94
CMH-LAS,115
CMH-MDW,404
CMH-OAK,89
CMH-RSW,191
CMH-STL,153
CMH-TPA,212
CRP-HOU,314
DAL-ABQ,402
DAL-AMA,304
DAL-AUS,768
DAL-BHM,165
DAL-BNA,245
DAL-BOS,88
DAL-BWI,323
DAL-CHS,89
DAL-CLT,88
DAL-CMH,89
DAL-DEN,555
DAL-DTW,90
DAL-ELP,330
DAL-FLL,249
DAL-HOU,1548
DAL-ICT,154
DAL-IND,90
DAL-LBB,393
DAL-LIT,252
DAL-MAF,393
DAL-MCI,561
DAL-MCO,278
DAL-MDW,502
DAL-MEM,171
DAL-MKE,85
DAL-MSY,619
DAL-OAK,225
DAL-OKC,236
DAL-OMA,88
DAL-PDX,89
DAL-PHL,90
DAL-PHX,414
DAL-PIT,86
DAL-RDU,88
DAL-SAN,252
DAL-SAT,760
DAL-SEA,87
DAL-SJC,163
DAL-SLC,88
DAL-SMF,88
DAL-SNA,158
DAL-STL,488
DAL-TPA,173
DAL-TUL,237
DAY-BWI,177
DAY-DEN,90
DAY-MCO,89
DCA-AUS,89
DCA-BNA,243
DCA-CMH,154
DCA-HOU,331
DCA-MDW,706
DCA-MKE,240
DCA-STL,253
DEN-DAL,542
DEN-HOU,490
DEN-JAX,91
DEN-MDW,684
DEN-OAK,324
DSM-LAS,89
DSM-MDW,164
DTW-DAL,91
ECP-BNA,163
ECP-HOU,153
ELP-AUS,185
ELP-DAL,323
ELP-HOU,236
ELP-LAS,161
ELP-LAX,152
ELP-PHX,312
ELP-SAT,166
EWR-HOU,241
EWR-MDW,465
FLL-BNA,211
FLL-CMH,91
FLL-DAL,242
FLL-HOU,176
FLL-IND,103
FLL-ISP,183
FLL-MCI,122
FLL-MDW,334
FLL-MKE,124
FLL-STL,188
FNT-BWI,161
FNT-LAS,86
FNT-MCO,89
FNT-TPA,91
GEG-BOI,146
GEG-LAS,175
GEG-OAK,160
GRR-BWI,164
GRR-MCO,101
GRR-STL,77
GSP-BWI,147
GSP-HOU,79
GSP-MDW,168
HOU-ABQ,244
HOU-AUS,362
HOU-BHM,147
HOU-BNA,313
HOU-BWI,262
HOU-CHS,27
HOU-CLT,84
HOU-CRP,310
HOU-DAL,1505
HOU-DCA,319
HOU-DEN,498
HOU-ECP,152
HOU-ELP,229
HOU-EWR,236
HOU-FLL,177
HOU-GSP,79
HOU-HRL,388
HOU-IND,110
HOU-JAX,85
HOU-LAS,363
HOU-LAX,414
HOU-LGA,236
HOU-MAF,233
HOU-MCI,162
HOU-MCO,346
HOU-MDW,523
HOU-MEM,154
HOU-MSY,755
HOU-OAK,165
HOU-OKC,301
HOU-PHX,350
HOU-PIT,87
HOU-PNS,87
HOU-RDU,93
HOU-SAN,180
HOU-SAT,360
HOU-SNA,87
HOU-STL,317
HOU-TPA,260
HOU-TUL,223
HRL-AUS,78
HRL-HOU,387
IAD-MDW,129
ICT-DAL,156
ICT-LAS,88
ICT-MDW,149
IND-BWI,190
IND-DAL,87
IND-FLL,102
IND-HOU,108
IND-LAS,197
IND-MCI,158
IND-TPA,219
ISP-BWI,356
ISP-FLL,186
ISP-MCO,257
ISP-PBI,182
ISP-TPA,108
JAX-BNA,192
JAX-BWI,267
JAX-DEN,90
JAX-HOU,92
JAX-MDW,88
LAS-ABQ,325
LAS-ALB,85
LAS-AMA,86
LAS-BDL,26
LAS-BHM,89
LAS-BNA,209
LAS-BOI,169
LAS-BUF,112
LAS-BUR,740
LAS-CAK,88
LAS-CMH,116
LAS-DSM,86
LAS-ELP,165
LAS-FNT,86
LAS-GEG,171
LAS-HOU,358
LAS-ICT,88
LAS-IND,203
LAS-LBB,83
LAS-LIT,87
LAS-MAF,109
LAS-MDW,630
LAS-OKC,171
LAS-OMA,191
LAS-ONT,342
LAS-PIT,115
LAS-RDU,88
LAS-RNO,794
LAS-SAT,324
LAS-SDF,88
LAS-SMF,648
LAS-SNA,557
LAS-TPA,167
LAS-TUL,86
LAS-TUS,257
SAN-OAK,846
SAN-RNO,163
SAN-SAT,164
SAN-SJC,765
SAN-SMF,695
SAN-TUS,217
SAT-BNA,153
SAT-BWI,161
SAT-DAL,779
SAT-ELP,177
SAT-HOU,346
SAT-LAS,324
SAT-MCO,107
SAT-MDW,150
SAT-MSY,82
SAT-SAN,163
SAT-STL,161
SAT-TPA,76
SDF-BWI,232
SDF-LAS,90
SDF-MCO,101
SDF-MDW,253
SDF-PHX,85
SDF-TPA,99
SEA-DAL,95
SEA-MDW,182
SFO-MDW,171
SFO-MKE,81
SJC-AUS,150
SJC-BUR,504
SJC-DAL,165
SJC-MDW,86
SJC-ONT,313
SJC-SAN,754
SJC-SNA,673
SJU-BWI,188
SLC-DAL,87
SLC-MDW,188
SMF-BUR,526
SMF-DAL,86
SMF-LAS,633
SMF-MDW,86
SMF-ONT,497
SMF-PDX,391
SMF-SAN,677
SMF-SNA,529
SNA-AUS,84
SNA-DAL,161
SNA-HOU,89
SNA-LAS,576
SNA-MCI,87
SNA-MDW,90
SNA-OAK,631
SNA-SJC,683
SNA-SMF,550
SNA-STL,88
STL-AUS,90
STL-BNA,157
STL-BOS,155
STL-BWI,269
STL-CMH,137
STL-DAL,488
STL-DCA,248
STL-FLL,188
STL-GRR,73
STL-HOU,318
STL-MCI,299
STL-MDW,536
STL-MKE,152
STL-MSY,176
STL-OKC,161
STL-OMA,195
STL-PHL,150
STL-RDU,89
STL-SAT,163
STL-SNA,90
STL-TUL,84
TPA-ALB,115
TPA-AUS,87
TPA-BHM,159
TPA-BNA,326
TPA-BUF,191
TPA-BWI,565
TPA-CAK,90
TPA-CMH,210
TPA-DAL,176
TPA-FNT,86
TPA-HOU,264
TPA-IND,215
TPA-ISP,110
TPA-LAS,166
TPA-MCI,109
TPA-MDW,395
TPA-MEM,85
TPA-MHT,114
TPA-MKE,199
TPA-MSY,257
TPA-PIT,198
TPA-PVD,188
TPA-RDU,202
TPA-ROC,110
TPA-SAT,81
TPA-SDF,102
TUL-DAL,233
TUL-HOU,233
TUL-LAS,87
TUL-MDW,87
TUL-PHX,169
TUL-STL,85
TUS-LAS,262
TUS-MDW,121
TUS-SAN,223
LAX-ELP,158
LAX-HOU,396
LAX-MDW,431
LAX-MKE,80
LBB-AUS,78
LBB-DAL,402
LBB-LAS,85
LGA-HOU,238
LGA-MDW,578
LIT-BWI,5
LIT-DAL,247
LIT-LAS,87
LIT-MDW,5
LIT-PHX,88
MAF-DAL,381
MAF-HOU,233
MAF-LAS,110
MCI-ABQ,78
MCI-BNA,242
MCI-BOS,133
MCI-BWI,156
MCI-DAL,570
MCI-FLL,120
MCI-HOU,153
MCI-IND,155
MCI-MDW,632
MCI-MKE,137
MCI-MSY,88
MCI-OAK,87
MCI-PDX,127
MCI-SAN,106
MCI-SNA,87
MCI-STL,312
MCI-TPA,109
MCO-BHM,171
MCO-BNA,351
MCO-CAK,168
MCO-DAL,285
MCO-DAY,88
MCO-FNT,90
MCO-GRR,100
MCO-HOU,357
MCO-ISP,255
MCO-MDW,645
MCO-MEM,110
MCO-MHT,230
MCO-MSY,290
MCO-ORF,87
MCO-PIT,383
MCO-ROC,109
MCO-SAT,108
MCO-SDF,107
MDW-ABQ,157
MDW-ALB,174
MDW-AUS,184
MDW-BDL,173
MDW-BHM,162
MDW-BNA,488
MDW-BOS,268
MDW-BUF,178
MDW-BWI,496
MDW-CHS,110
MDW-CLE,395
MDW-CLT,164
MDW-CMH,397
MDW-DAL,505
MDW-DCA,716
MDW-DEN,699
MDW-DSM,160
MDW-EWR,456
MDW-FLL,338
MDW-GSP,167
MDW-HOU,524
MDW-IAD,126
MDW-ICT,152
MDW-JAX,87
MDW-LAS,645
MDW-LAX,436
MDW-LGA,566
MDW-LIT,5
MDW-MCI,610
MDW-MCO,645
MDW-MEM,158
MDW-MHT,178
MDW-MSY,178
MDW-OAK,173
MDW-OKC,88
MDW-OMA,402
MDW-ONT,87
MDW-ORF,161
MDW-PDX,154
MDW-PHL,439
MDW-PHX,582
MDW-PIT,374
MDW-PVD,178
MDW-RDU,237
MDW-RSW,356
MDW-SAN,289
MDW-SAT,163
MDW-SDF,246
MDW-SEA,181
MDW-SFO,172
MDW-SJC,88
MDW-SLC,186
MDW-SMF,88
MDW-SNA,88
MDW-STL,547
MDW-TPA,390
MDW-TUL,87
MDW-TUS,120
MEM-BWI,87
MEM-DAL,166
MEM-HOU,153
MEM-MCO,109
MEM-MDW,155
MEM-TPA,82
MHT-BWI,441
MHT-MCO,233
MHT-MDW,184
MHT-TPA,119
MKE-BOS,157
MKE-BWI,164
MKE-DAL,88
MKE-DCA,238
MKE-FLL,121
MKE-LAX,82
MKE-MCI,143
MKE-SFO,81
MKE-STL,150
MKE-TPA,189
MSY-AUS,85
MSY-BNA,316
MSY-BWI,207
MSY-DAL,619
MSY-HOU,773
MSY-MCI,90
MSY-MCO,290
MSY-MDW,173
MSY-OAK,90
MSY-PHX,100
MSY-SAN,90
MSY-SAT,82
MSY-STL,163
MSY-TPA,262
OAK-ABQ,159
OAK-ATL,87
OAK-AUS,76
OAK-BNA,89
OAK-BOI,167
OAK-BUR,869
OAK-BWI,86
OAK-CMH,87
OAK-DAL,228
OAK-DEN,330
OAK-GEG,154
OAK-HOU,163
OAK-MCI,85
OAK-MDW,172
OAK-MSY,85
OAK-ONT,518
OAK-PDX,417
OAK-SAN,841
OAK-SNA,614
OKC-BWI,86
OKC-DAL,235
OKC-HOU,312
OKC-LAS,177
OKC-MDW,90
OKC-PHX,167
OKC-STL,150
OMA-DAL,86
OMA-LAS,192
OMA-MDW,411
OMA-STL,194
ONT-LAS,350
ONT-MDW,89
ONT-OAK,535
ONT-SJC,318
ONT-SMF,506
ORF-BWI,322
ORF-MCO,87
ORF-MDW,160
PBI-BWI,314
PBI-ISP,178
PDX-ABQ,5
PDX-DAL,87
PDX-MCI,130
PDX-MDW,157
PDX-OAK,406
PDX-SMF,388
PHL-BNA,161
PHL-DAL,89
PHL-MDW,461
PHL-STL,151
PHX-BNA,196
PHX-BUF,88
PHX-BUR,484
PHX-DAL,416
PHX-ELP,294
PHX-HOU,343
PHX-LIT,86
PHX-MDW,569
PHX-MSY,98
PHX-OKC,168
PHX-RDU,27
PHX-SDF,89
PHX-TUL,169
PIT-BNA,89
PIT-BWI,239
PIT-DAL,87
PIT-HOU,90
PIT-LAS,112
PIT-MCO,385
PIT-MDW,386
PIT-RSW,176
PIT-TPA,201
PNS-BNA,156
PNS-HOU,88
PVD-BWI,521
PVD-MDW,180
PVD-TPA,197
PWM-BWI,203
RDU-BNA,234
RDU-BWI,445
RDU-DAL,88
RDU-HOU,90
RDU-LAS,90
RDU-MDW,252
RDU-PHX,26
RDU-STL,87
RDU-TPA,208
RNO-LAS,783
RNO-SAN,172
ROC-BWI,251
ROC-MCO,112
ROC-TPA,111
RSW-BWI,444
RSW-CAK,100
RSW-CMH,188
RSW-MDW,348
RSW-PIT,168
SAN-ABQ,162
SAN-AUS,162
SAN-BNA,91
SAN-BWI,194
SAN-DAL,243
SAN-HOU,175
SAN-MCI,110
SAN-MDW,279
SAN-MSY,90
LBB-HOU,2
BNA-MDW,488
BNA-MSY,317
BNA-OAK,89
BNA-PHL,158
BNA-PHX,196
BNA-PIT,87
BNA-PNS,152
BNA-RDU,243
BNA-SAN,88
BNA-SAT,157
BNA-STL,161
BNA-TPA,329
BOI-GEG,147
BOI-LAS,168
BOI-OAK,170
BOS-BNA,171
BOS-CMH,147
BOS-DAL,90
BOS-MCI,135
BOS-MDW,271
BOS-MKE,147
BOS-STL,156
BUF-BWI,405
BUF-LAS,113
BUF-MDW,179
BUF-PHX,90
BUF-TPA,191
DAL-ECP,4
ECP-DAL,4
FLL-OKC,1
FNT-RSW,32
GRR-RSW,81
HOU-LBB,2
HOU-SJU,12
HOU-TUS,1
AUS-MEM,11
MEM-AUS,11
SAN-STL,24
STL-SAN,23
LAR-DEN,145
RAP-ORD,2
BNA-RSW,103
BOI-SMF,69
MDW-IND,146
RSW-BNA,102
RSW-GRR,83
LIT-STL,147
GRR-TPA,82
IND-MDW,154
SMF-BOI,69
STL-LIT,150
TPA-GRR,81
BUF-RSW,60
MCO-OMA,36
OMA-MCO,36
PVD-RSW,31
RSW-BUF,57
RSW-DAL,11
RSW-FNT,31
RSW-PVD,29
SJU-HOU,13
DAL-RSW,11
TUS-HOU,1
BUF-MSP,3
IAG-MYR,21
MYR-IAG,20
MYR-LBE,34
LBE-MYR,33
MYR-PHL,20
PHL-MYR,20
BWI-MYR,19
MYR-BWI,19
MYR-ORD,48
ORD-MYR,48
DTW-MYR,75
MYR-DTW,74
CVG-CLT,61
PLN-CIU,19
PDX-OMA,43
OMA-PDX,40
SJC-LWS,1
SFO-SJC,1
EUG-SGU,1
LWS-SFO,1
RDU-CVG,21
CLT-CVG,61
CVG-MEM,5
MEM-CVG,5
CVG-RDU,21
CVG-PHL,10
XNA-IND,1
LAX-SUN,7
SUN-LAX,7
CVG-STL,4
STL-CVG,4
PHL-CVG,10
IAH-BFL,16
BFL-IAH,16
CIU-PLN,18
FAR-JMS,1
SJC-CLT,3
PHL-BWI,1
ILM-PHL,15
PHL-ILM,15
PHL-SAV,6
SAV-PHL,6
CLE-PHL,1
CLT-SJC,2
CLT-DAB,4
DAB-CLT,4
OAK-CLT,1
CLT-OAK,1
IND-XNA,3
OAK-FLL,3
DFW-ECP,1
TLH-ECP,1
BHM-DTW,134
ALB-MHT,1
LGA-MHT,2
DTW-BHM,133
DTW-SCE,1
SCE-DTW,1
MHT-LGA,2
CMH-MIA,1
MIA-CMH,1
JAX-LGA,32
LGA-JAX,36
MSP-BUF,4
ALB-RSW,26
RSW-ALB,22
MHT-FLL,2
FLL-MHT,2
SLC-RDU,28
RDU-SLC,30
SYR-MSP,20
CHS-PHL,24
PHL-CHS,26
PHL-BUF,8
MSP-SYR,21
DFW-SJT,74
CLE-ERI,1
IAH-SGF,1
SGF-IAH,1
MCI-DSM,1
DFW-SPS,84
IAH-BPT,2
SPS-DFW,81
SJT-DFW,77
ABQ-SAF,1
DFW-GGG,27
GGG-DFW,24
EWR-MYR,17
MYR-EWR,16
DTW-SAV,29
GSP-LGA,47
SAV-DTW,28
LGA-GSP,48
BWI-CVG,1
CVG-BWI,1
RDU-IND,22
ECP-BWI,24
ECP-STL,25
BWI-ECP,24
DAY-TPA,24
DCA-OMA,20
MDW-RNO,20
OMA-DCA,22
PBI-PVD,21
PIT-STL,22
PVD-PBI,22
RNO-MDW,21
RSW-MCI,21
MCI-RSW,22
STL-ECP,24
STL-PIT,21
TPA-DAY,25
MCO-PWM,3
MDW-PBI,1
MDW-PNS,2
PBI-MDW,3
PBI-PIT,3
PIT-PBI,3
PNS-MDW,3
PWM-MCO,3
BDL-IAD,2
JAX-DTW,4
FCA-MSP,29
MSP-FCA,30
PHX-ROW,28
ROW-PHX,29
APN-PLN,26
PLN-APN,25
ONT-PSP,2
DTW-TYS,2
TYS-DTW,2
IAH-ONT,13
ONT-IAH,12
IAD-BDL,2
CLT-IAD,1
IAD-CLT,1
BUF-PHL,8
IND-PHL,4
CMH-CLT,2
CLT-CMH,2
